{
	"name": "ArduinoNATS",
	"version": "1.1.2",
	"description": "An Arduino / ESP8266 / Particle Photon compatible C++ library for communicating with a NATS (http://nats.io) server.",
	"keywords": "nats, messaging, microservice, tcp, network, arduino, esp8266",
	"authors": {
		"name": "Josh Glendenning",
		"email": "josh@isobit.io",
		"url": "https://www.isobit.io"
	},
	"repository": {
		"type": "git",
		"url": "https://github.com/isobit/arduino-nats.git"
	},
	"frameworks": "arduino",
	"platforms": [
		"atmelavr",
		"espressif8266"
	]
}
